year,canonical_name,off_ppa,def_ppa,off_success_rate,def_success_rate,off_explosiveness,def_explosiveness,talent_score,talent_norm,returning_pct,retention_score,third_down_rate,off_power_success,def_power_success,off_stuff_rate,def_stuff_rate,off_line_yards,def_line_yards,turnovers,turnover_margin,pass_completion_rate,sacksOpponent
2025,Air Force,0.286935598221958,0.4016443170135715,0.47630619684082626,0.4943181818181818,1.2013665208389686,1.3668087243470741,NA,NA,NA,NA,0.5098039215686274,0.788235294117647,0.7551020408163265,0.11856474258970359,0.13953488372093023,3.2709828393135725,3.270058139534884,12,-2,0.5914634146341463,16
2025,Akron,0.07016411537606243,0.14564764166308092,0.39504716981132076,0.40328697850821743,1.180533368002093,1.3124423153582485,NA,NA,NA,NA,0.3076923076923077,0.7,0.5967741935483871,0.2,0.2097560975609756,2.83875,2.90609756097561,17,3,0.5173267326732673,34
2025,Alabama,0.2078138240519543,0.07113282923354833,0.4325674325674326,0.37418655097613884,1.2715618020794475,1.2445468486002595,NA,NA,NA,NA,0.4166666666666667,0.6774193548387096,0.75,0.1917808219178082,0.19834710743801653,2.8059360730593608,2.728099173553719,13,7,0.655831739961759,33
2025,Appalachian State,0.09735439948897917,0.180265414804654,0.40860215053763443,0.44831223628691985,1.193943687398339,1.1912131882223336,NA,NA,NA,NA,0.3279569892473118,0.7,0.703125,0.16709511568123395,0.18018018018018017,2.9789203084832905,2.8704954954954953,22,-3,0.5885826771653543,28
2025,Arizona,0.16714291297309816,0.06947976795071124,0.4258849557522124,0.378596087456847,1.2623351862176737,1.1946956868073886,NA,NA,NA,NA,0.4101123595505618,0.75,0.7049180327868853,0.1888111888111888,0.18385650224215247,3.116783216783217,2.8591928251121077,13,18,0.6286353467561522,30
2025,Arizona State,0.13183268269453016,0.10258399765269097,0.39809926082365366,0.40809628008752735,1.2684509535455217,1.2202719043822856,NA,NA,NA,NA,0.32620320855614976,0.631578947368421,0.6944444444444444,0.1953781512605042,0.21103117505995203,2.882983193277311,2.7553956834532376,21,-6,0.5837209302325581,27
2025,Arkansas,0.3022057534021279,0.24770852666491325,0.4866920152091255,0.45975609756097563,1.3339673249825164,1.2808714500124447,NA,NA,NA,NA,0.47183098591549294,0.6607142857142857,0.6724137931034483,0.1994750656167979,0.20088300220750552,3.38005249343832,2.9322295805739516,20,-11,0.6062992125984252,29
2025,Arkansas State,0.0901898093470351,0.1924242209574594,0.41896024464831805,0.43564356435643564,1.1540939632826877,1.2934923165278946,NA,NA,NA,NA,0.3928571428571429,0.6825396825396826,0.6862745098039216,0.2136150234741784,0.19444444444444445,2.573239436619718,2.7472222222222222,23,-7,0.65748031496063,28
2025,Army,0.185317294132274,0.17500555471181142,0.4223245109321059,0.4484924623115578,1.1436446804043374,1.1171959218518557,NA,NA,NA,NA,0.4117647058823529,0.780952380952381,0.71698113207547165,0.13132694938440492,0.16152019002375298,3.0404924760601917,3.1470308788598573,11,5,0.5396825396825397,7
2025,Auburn,0.17270669968790353,0.05992073442142166,0.43530834340991537,0.37376237623762376,1.1538124656962565,1.289063361185499,NA,NA,NA,NA,0.39156626506024095,0.8,0.7,0.16267942583732056,0.26666666666666666,3.1270334928229664,2.2258974358974357,8,9,0.6104972375690608,42
2025,Ball State,-0.0013145718180808924,0.18267727584845916,0.32472826086956524,0.4465174129353234,1.3220886424544018,1.2620016125428282,NA,NA,NA,NA,0.3352601156069364,0.6097560975609756,0.6086956521739131,0.21588089330024815,0.2112676056338028,2.509677419354839,2.947887323943662,16,-3,0.5631768953068592,49
2025,Baylor,0.19259008921929108,0.17292090448017072,0.447453954496208,0.4368932038834951,1.2824738934675488,1.1615201737311243,NA,NA,NA,NA,0.3779069767441861,0.7704918032786885,0.8928571428571429,0.16180371352785147,0.148068669527897,3.0920424403183024,3.1293991416309015,24,-13,0.6058823529411764,22
2025,Boise State,0.17472811643997255,0.09960824961592626,0.40891472868217055,0.3530751708428246,1.3017116184224686,1.4278725600403508,NA,NA,NA,NA,0.4583333333333333,0.7746478873239436,0.673469387755102,0.17077798861480076,0.2,3.0174573055028464,2.9703370786516854,21,2,0.5805084745762712,26
2025,Boston College,0.16076229245658427,0.23461324920618376,0.4299175500588928,0.42857142857142855,1.2142141528093513,1.3664418769661706,NA,NA,NA,NA,0.3902439024390244,0.8,0.71875,0.1737891737891738,0.19230769230769232,2.7376068376068377,2.882451923076923,21,-9,0.6321585903083701,36
2025,Bowling Green,0.026925857290145887,0.14619604363674982,0.35947712418300654,0.4051841746248295,1.239440602332424,1.3037200650228402,NA,NA,NA,NA,0.3668639053254438,0.5932203389830508,0.574468085106383,0.1873589164785553,0.25510204081632654,2.8851015801354403,2.7089285714285714,14,2,0.5804195804195804,29
2025,Buffalo,0.08090932517599016,0.10675915489384574,0.3964071856287425,0.3879003558718861,1.166606358223376,1.2388781887932676,NA,NA,NA,NA,0.35795454545454547,0.6964285714285714,0.6727272727272727,0.17857142857142858,0.1786492374727669,2.798469387755102,2.9169934640522874,22,-7,0.5717761557177615,23
2025,BYU,0.22040866155284525,0.06330119145649367,0.45951629863301785,0.3852013057671382,1.1789955201212814,1.2033551666661662,NA,NA,NA,NA,0.4143646408839779,0.8194444444444444,0.7258064516129032,0.16314779270633398,0.23094688221709006,3.0238003838771594,2.7397228637413393,16,8,0.6377171215880894,15
2025,Cal,0.12452820179507103,0.16232195632713534,0.40736728060671723,0.42020665901262916,1.2434240061034068,1.1833616695751636,NA,NA,NA,NA,0.4044943820224719,0.7037037037037037,0.8301886792452831,0.1780821917808219,0.1383495145631068,2.6427397260273975,3.2563106796116505,16,-3,0.6376237623762376,31
2025,Central Michigan,0.13662267510224702,0.08440986038321178,0.40644361833952913,0.40301974448315914,1.160793562763299,1.168095206827063,NA,NA,NA,NA,0.34146341463414637,0.7301587301587301,0.6764705882352942,0.19193857965451055,0.20047732696897375,2.795201535508637,2.93054892601432,16,5,0.6956521739130435,24
2025,Charlotte,-0.007104810590896243,0.22613885842865245,0.35302197802197804,0.522439585730725,1.2256028189341959,1.0723251906405644,NA,NA,NA,NA,0.34502923976608185,0.65,0.8169014084507042,0.22839506172839505,0.1400437636761488,2.2842592592592594,3.2420131291028444,23,-8,0.5936675461741425,27
2025,Cincinnati,0.29865085888215204,0.18975517295610111,0.46811224489795916,0.43918191603875134,1.3186827152228258,1.1551428615586261,NA,NA,NA,NA,0.3873239436619718,0.7674418604651163,0.7692307692307693,0.1590909090909091,0.15009746588693956,3.478282828282828,3.2035087719298247,14,-4,0.6170798898071626,8
2025,Clemson,0.17776800458888534,0.0946164493607697,0.4272930648769575,0.37299771167048057,1.2190159853773506,1.3405098244587415,NA,NA,NA,NA,0.34285714285714286,0.75,0.8409090909090909,0.17346938775510204,0.22284122562674094,3.0466836734693876,2.7242339832869082,15,2,0.6518987341772152,21
2025,Coastal Carolina,0.06227765273329708,0.2026085631387571,0.3613348676639816,0.4416403785488959,1.2558276579035337,1.2673082375501656,NA,NA,NA,NA,0.32978723404255317,0.6666666666666666,0.6666666666666666,0.2141280353200883,0.17578125,2.6271523178807947,3.083984375,22,1,0.5463659147869674,23
2025,Colorado,0.08393895856260469,0.18991923958982254,0.3492462311557789,0.42326139088729015,1.377200998144305,1.3335212412285267,NA,NA,NA,NA,0.384180790960452,0.6428571428571429,0.6875,0.22506393861892582,0.19438877755511022,2.679539641943734,2.984168336673347,17,-2,0.5898876404494382,39
2025,Colorado State,0.12235478439222522,0.23706264459780627,0.39816031537450725,0.4492753623188406,1.2108394722778117,1.2873401960206898,NA,NA,NA,NA,0.3291139240506329,0.5681818181818182,0.75,0.19519519519519518,0.1589958158995816,2.964864864864865,3.2669456066945606,20,-4,0.616751269035533,32
2025,Duke,0.24500530237120868,0.22378737939436394,0.4575569358178054,0.4354166666666667,1.3280890990301717,1.3374823788367576,NA,NA,NA,NA,0.3901098901098901,0.7049180327868853,0.734375,0.21839080459770116,0.23758099352051837,2.831264367816092,2.581425485961123,14,10,0.6640316205533597,27
2025,East Carolina,0.19266233799539045,0.050073574447603894,0.4578790882061447,0.3762597984322508,1.1613650270185143,1.2482054564003053,NA,NA,NA,NA,0.4723618090452261,0.7108433734939759,0.509090909090909,0.14285714285714285,0.2972972972972973,3.068681318681319,2.3486486486486484,14,10,0.6477272727272727,19
2025,Eastern Michigan,0.19933353087688185,0.2501840988227435,0.4268292682926829,0.44019138755980863,1.2337662670856517,1.2943076074991982,NA,NA,NA,NA,0.41040462427745666,0.640625,0.7236842105263158,0.17994858611825193,0.16962524654832348,3.056555269922879,3.170611439842209,14,-5,0.6113861386138614,11
2025,Florida,0.1384801718290703,0.1715527508333777,0.42857142857142855,0.4292929292929293,1.1021389204701,1.24785095228146,NA,NA,NA,NA,0.3443708609271523,0.7631578947368421,0.8059701492537313,0.14835164835164835,0.1740139211136891,3.2744505494505494,2.7749419953596286,18,-1,0.6256684491978609,20
2025,FAU,0.15956511784403885,0.22410489488488325,0.4028384279475983,0.4372801875732708,1.3988681825818627,1.2913274634832959,NA,NA,NA,NA,0.3684210526315789,0.7704918032786885,0.8266666666666667,0.17737003058103976,0.1623931623931624,2.805810397553517,2.983974358974359,29,-21,0.6609294320137694,21
2025,FIU,0.15773049660882485,0.14993484118282963,0.40676117775354415,0.41893362350380847,1.3068324152897386,1.2703417681925178,NA,NA,NA,NA,0.35751295336787564,0.7321428571428571,0.7368421052631579,0.22538293216630198,0.16350710900473933,2.774617067833698,3.182938388625592,21,0,0.5990675990675991,23
2025,Florida State,0.3006862851121974,0.14750195778327227,0.471563981042654,0.4053708439897698,1.355618306047776,1.186272663961983,NA,NA,NA,NA,0.5063291139240507,0.7647058823529411,0.7213114754098361,0.12916666666666668,0.16355140186915887,3.4735416666666667,3.0147196261682243,19,-5,0.5899705014749262,24
2025,Fresno State,0.10281835906378448,0.08290831176170121,0.39655172413793105,0.38118214716525933,1.2095583689390217,1.169277359443657,NA,NA,NA,NA,0.3636363636363637,0.746031746031746,0.7049180327868853,0.19829424307036247,0.21394230769230768,2.8535181236673774,2.909855769230769,20,5,0.6407506702412868,19
2025,Georgia,0.24478665397599692,0.09309242357694263,0.47070506454816285,0.3866822429906542,1.14675699481001,1.1503959648044095,NA,NA,NA,NA,0.4340659340659341,0.7428571428571429,0.6875,0.19964349376114082,0.21195652173913043,3.0390374331550802,2.547554347826087,13,0,0.6882494004796164,18
2025,Georgia Southern,0.20070826731269603,0.2665698733918613,0.4411111111111111,0.4875406283856988,1.2293782122619472,1.2444500658785667,NA,NA,NA,NA,0.4469273743016759,0.7213114754098361,0.7608695652173914,0.16241299303944315,0.164969450101833,3.2164733178654292,3.35173116089613,13,6,0.6334106728538283,29
2025,Georgia State,0.13040684873003408,0.2752868149094944,0.40373395565927656,0.46217494089834515,1.2480235135280904,1.261920062212295,NA,NA,NA,NA,0.3863636363636363,0.6363636363636364,0.7761194029850746,0.19607843137254902,0.1509433962264151,2.8969187675070027,3.1576519916142556,17,-11,0.6063157894736843,19
2025,Georgia Tech,0.27210683484071746,0.1939730451453747,0.49065420560747663,0.43934040047114253,1.1652081993148538,1.244314171917572,NA,NA,NA,NA,0.461038961038961,0.6973684210526315,0.676923076923077,0.16143497757847533,0.18615751789976134,3.3621076233183858,2.9816229116945108,15,-6,0.6979695431472082,10
2025,Hawaii,0.1674201707393385,0.16330252767811196,0.4104803493449782,0.4188351920693928,1.324750488582025,1.2710958220950899,NA,NA,NA,NA,0.4494949494949495,0.6052631578947368,0.825,0.20408163265306123,0.16062176165803108,2.8355685131195334,3.2147668393782385,17,-2,0.6481481481481481,30
2025,Houston,0.10637794986538861,0.10585169098323663,0.41458333333333336,0.41189931350114417,1.2199246820166039,1.1189829754936844,NA,NA,NA,NA,0.40816326530612246,0.7391304347826086,0.7666666666666667,0.2040072859744991,0.19954128440366972,2.619672131147541,2.713073394495413,14,4,0.6419098143236074,19
2025,Illinois,0.20681263151212478,0.19243356089259836,0.4754491017964072,0.4497663551401869,1.1620713288880047,1.1801962172555276,NA,NA,NA,NA,0.42105263157894735,0.7352941176470589,0.7288135593220338,0.20374707259953162,0.17721518987341772,3.003512880562061,3.008607594936709,11,5,0.6747311827956989,32
2025,Indiana,0.34229394441434813,0.014358680659736238,0.5133887349953832,0.3436123348017621,1.2228140900166817,1.3393523894671289,NA,NA,NA,NA,0.5628140703517588,0.735632183908046,0.5961538461538461,0.139937106918239,0.2884097035040431,3.353301886792453,2.2830188679245285,8,22,0.7192118226600985,25
2025,Iowa,0.15310139195185732,0.054506213887864245,0.4409937888198758,0.386277001270648,1.099352031630837,1.0759254662120317,NA,NA,NA,NA,0.43478260869565216,0.8307692307692308,0.7017543859649122,0.14814814814814814,0.19109947643979058,3.245061728395062,2.8219895287958114,13,1,0.6293706293706294,18
2025,Iowa State,0.19141251379712307,0.09021500108382555,0.44957472660996356,0.3912483912483912,1.2087348770708186,1.208629432158159,NA,NA,NA,NA,0.3987730061349693,0.696969696969697,0.6857142857142857,0.17555555555555555,0.20821917808219179,3.037333333333333,2.8079452054794523,14,4,0.6069364161849711,22
2025,Jacksonville State,0.18687772977241676,0.1543186811659392,0.43917525773195876,0.42021276595744683,1.2517163200712607,1.295380842921947,NA,NA,NA,NA,0.3869346733668342,0.6805555555555556,0.78125,0.18078175895765472,0.20292887029288703,3.1939739413680783,2.7043933054393303,13,11,0.5945121951219512,23
2025,James Madison,0.22528729201919037,0.0017963543083685468,0.45226130653266333,0.30083234244946494,1.301125868383387,1.4181166903119042,NA,NA,NA,NA,0.4666666666666667,0.7619047619047619,0.5625,0.18588640275387264,0.2571428571428571,3.2354561101549053,2.280779220779221,16,1,0.5844155844155844,23
2025,Kansas,0.21369350938525983,0.2360851756729302,0.47903430749682335,0.41228070175438597,1.1358632225330807,1.3853292628062912,NA,NA,NA,NA,0.38926174496644295,0.7833333333333333,0.7636363636363637,0.13975903614457832,0.2091346153846154,3.5118072289156625,2.875721153846154,13,-3,0.6115942028985507,20
2025,Kansas State,0.20790395539142706,0.11925612241568531,0.40629095674967236,0.3942857142857143,1.406304050398157,1.3279512185842433,NA,NA,NA,NA,0.36942675159235666,0.671875,0.696969696969697,0.22474747474747475,0.20088300220750552,2.7962121212121214,2.719205298013245,15,11,0.5964912280701754,13
2025,Kennesaw State,0.15355523925443149,0.1657518285116354,0.41122448979591836,0.4226069246435845,1.333803710657784,1.2250389077349964,NA,NA,NA,NA,0.4,0.8064516129032258,0.6710526315789473,0.19922630560928434,0.19038461538461537,2.8669245647969053,2.9796153846153848,18,-3,0.6146572104018913,27
2025,Kent State,0.06640060961837553,0.19929457706213718,0.3468208092485549,0.4429378531073446,1.3592390800327712,1.248791336925026,NA,NA,NA,NA,0.27564102564102566,0.6363636363636364,0.6710526315789473,0.23180592991913745,0.1839323467230444,2.4315363881401617,3.0052854122621566,13,-3,0.5563139931740614,27
2025,Kentucky,0.09302832618752829,0.16990818425492812,0.4312267657992565,0.43564356435643564,1.1393383606170628,1.220459042830268,NA,NA,NA,NA,0.4025157232704403,0.7454545454545455,0.6612903225806451,0.1715686274509804,0.21394230769230768,3.1110294117647057,2.8540865384615386,22,-8,0.6239782016348774,29
2025,Liberty,0.16721795984089338,0.20393439137120084,0.43510506798516685,0.41475826972010177,1.2065728074327609,1.2998034221139554,NA,NA,NA,NA,0.4011976047904192,0.7285714285714285,0.72,0.1716101694915254,0.1773049645390071,2.879872881355932,3.143735224586288,21,-7,0.5506329113924051,25
2025,Louisiana,0.1130540749281123,0.19554706604238004,0.38498212157330153,0.46206896551724136,1.2038642539843878,1.1899627814681422,NA,NA,NA,NA,0.40625,0.7142857142857143,0.7317073170731707,0.20842105263157895,0.15966386554621848,2.895578947368421,3.298109243697479,19,-1,0.5467836257309941,24
2025,Louisiana Tech,0.1412376051561671,0.045350937095519565,0.4043778801843318,0.3706992230854606,1.2272531161111364,1.3591949110110741,NA,NA,NA,NA,0.4101123595505618,0.7288135593220338,0.6666666666666666,0.17953667953667954,0.23484848484848486,2.9905405405405405,2.6560606060606062,17,8,0.6261980830670927,22
2025,Louisville,0.1526065220667497,0.059925218249857706,0.45052386495925495,0.3643867924528302,1.2021105727566097,1.1887754398921364,NA,NA,NA,NA,0.3532934131736527,0.6447368421052632,0.7446808510638298,0.22670025188916876,0.19395465994962216,2.8115869017632242,2.7687657430730477,17,3,0.6411483253588517,24
2025,LSU,0.08697881314828318,0.08392973566420263,0.39903846153846156,0.3854289071680376,1.2222145682465233,1.2484717397284528,NA,NA,NA,NA,0.367816091954023,0.6595744680851063,0.6379310344827587,0.24216524216524216,0.2426470588235294,2.506837606837607,2.6308823529411764,14,7,0.6568848758465011,29
2025,Marshall,0.16098551382653806,0.16035640558658262,0.4385150812064965,0.3864406779661017,1.1342219061287628,1.4014801975660929,NA,NA,NA,NA,0.3515151515151515,0.6296296296296297,0.6296296296296297,0.18415841584158416,0.2106430155210643,2.960990099009901,2.629268292682927,15,6,0.6507462686567164,17
2025,Maryland,0.1135694323024665,0.11222867776240228,0.3867334167709637,0.43202764976958524,1.2935943416574829,1.2135687081968074,NA,NA,NA,NA,0.36627906976744184,0.6829268292682927,0.7777777777777778,0.18855218855218855,0.1688888888888889,2.7932659932659933,3.0753333333333335,14,7,0.5784114052953157,9
2025,UMass,-0.031023112312181675,0.26204413401436216,0.33584905660377357,0.48014018691588783,1.1779448686966616,1.1374799202803199,NA,NA,NA,NA,0.3068181818181818,0.6341463414634146,0.7536231884057971,0.2619047619047619,0.14007782101167315,2.1217261904761906,3.4025291828793773,16,-7,0.5373493975903615,33
2025,Memphis,0.24518682232728423,0.16927961159101623,0.44938820912124583,0.408675799086758,1.3094554601288195,1.287916850755471,NA,NA,NA,NA,0.4166666666666667,0.75,0.7,0.2009132420091324,0.22075055187637968,3.3164383561643835,2.519205298013245,12,7,0.6747572815533981,33
2025,Miami,0.22253070851840445,0.033814780592996904,0.4684014869888476,0.3586744639376218,1.1556325196744335,1.2637126268558088,NA,NA,NA,NA,0.465,0.8333333333333334,0.7333333333333333,0.14963503649635038,0.2149321266968326,3.1266423357664235,2.4778280542986426,15,10,0.7157258064516129,20
2025,Miami (OH),0.10172379616064092,0.08766356176020931,0.3943990665110852,0.3926247288503254,1.2061748099219114,1.1935788811857633,NA,NA,NA,NA,0.3465909090909091,0.6567164179104478,0.7419354838709677,0.18021978021978022,0.2013129102844639,3.136043956043956,2.7074398249452956,15,5,0.49728260869565216,26
2025,Michigan,0.1984732610310352,0.11293167998117018,0.45497076023391814,0.41782407407407407,1.1353954226920973,1.1299118131105723,NA,NA,NA,NA,0.43636363636363634,0.7971014492753623,0.6,0.13721413721413722,0.18159203980099503,3.3189189189189188,2.6422885572139303,17,2,0.5941176470588235,21
2025,Michigan State,0.13056714532668925,0.19797163755115943,0.42071611253196933,0.44587628865979384,1.2011125777422473,1.1820725589240715,NA,NA,NA,NA,0.34591194968553457,0.6538461538461539,0.8,0.24793388429752067,0.16886543535620052,2.5804407713498625,2.871240105540897,12,-3,0.6349206349206349,37
2025,Middle Tennessee,0.14239913346756347,0.20987361171244995,0.4224343675417661,0.4409937888198758,1.2197878025914684,1.2793407461983874,NA,NA,NA,NA,0.37142857142857144,0.6585365853658537,0.66,0.2251655629139073,0.23645320197044334,2.886754966887417,2.575615763546798,12,2,0.5971943887775552,30
2025,Minnesota,0.1088259261258373,0.17662733747265716,0.4049586776859504,0.4375,1.1446676255798407,1.2485829658861443,NA,NA,NA,NA,0.4011976047904192,0.7115384615384616,0.75,0.1956521739130435,0.21875,2.7503105590062114,2.7826704545454546,9,7,0.6290726817042607,23
2025,Mississippi State,0.15302877905393428,0.20482519083767894,0.4197662061636557,0.4328523862375139,1.2800712854532403,1.2602083906472383,NA,NA,NA,NA,0.4270833333333333,0.7027027027027027,0.7818181818181819,0.1893491124260355,0.14255765199161424,2.917948717948718,3.358490566037736,15,3,0.6230769230769231,44
2025,Missouri,0.21078305150038218,0.02560765587359973,0.45376344086021503,0.34880803011292344,1.2217736681054943,1.234187505889377,NA,NA,NA,NA,0.4488636363636363,0.8888888888888888,0.7,0.17013232514177692,0.21372031662269128,3.132514177693762,2.687862796833773,17,-5,0.6343490304709142,28
2025,Navy,0.29898280770772995,0.20936860765097792,0.4904076738609113,0.4035928143712575,1.2427716741634425,1.3566905676837697,NA,NA,NA,NA,0.5182926829268293,0.8181818181818182,0.7450980392156863,0.1167192429022082,0.18287037037037038,3.4558359621451102,2.8601851851851854,14,1,0.5824175824175825,9
2025,NC State,0.24426060026519758,0.18904277524403224,0.4238095238095238,0.39844617092119866,1.3749613289679712,1.385051332432344,NA,NA,NA,NA,0.4121212121212121,0.7368421052631579,0.660377358490566,0.21804511278195488,0.1964735516372796,2.8496240601503757,2.928463476070529,13,2,0.6779661016949152,24
2025,Nebraska,0.1819223832010384,0.19013758992223426,0.4691211401425178,0.42641509433962266,1.1076693450156565,1.2702819224539716,NA,NA,NA,NA,0.4567901234567901,0.7966101694915254,0.7101449275362319,0.14354066985645933,0.16071428571428573,3.187799043062201,3.1529017857142856,11,2,0.6878306878306878,33
2025,Nevada,0.033659666283222485,0.18714142234994896,0.3708791208791209,0.42585551330798477,1.2077255183963855,1.192289980734605,NA,NA,NA,NA,0.32051282051282054,0.7058823529411765,0.7142857142857143,0.1775,0.17777777777777778,2.909,3.037283950617284,27,-12,0.5909090909090909,18
2025,New Mexico,0.18244162220367016,0.11177112252786696,0.4186939820742638,0.4,1.2644802417667105,1.233304647154108,NA,NA,NA,NA,0.3939393939393939,0.7586206896551724,0.8307692307692308,0.13691931540342298,0.2245430809399478,3.1577017114914425,2.631070496083551,23,-6,0.6485714285714286,34
2025,New Mexico State,0.03114145093483888,0.09932326333987775,0.3642611683848797,0.4185267857142857,1.2514322390097883,1.1911149393215805,NA,NA,NA,NA,0.41711229946524064,0.6909090909090909,0.7254901960784313,0.25513196480938416,0.1973392461197339,2.1958944281524926,2.98980044345898,24,-1,0.5847457627118644,34
2025,North Carolina,0.0614440100327634,0.1487263012476934,0.38787023977433005,0.41383495145631066,1.162312718059842,1.1973477864238817,NA,NA,NA,NA,0.36942675159235666,0.6666666666666666,0.8923076923076924,0.18541033434650456,0.16831683168316833,2.766869300911854,2.789108910891089,15,-3,0.6394366197183099,22
2025,North Dakota State,0.3597791298579885,-0.0257972719981803,0.49193548387096775,0.3489208633093525,1.3346638371530035,1.1515991520804696,NA,NA,NA,NA,NA,0.7457627118644068,0.7291666666666666,0.1841620626151013,0.2300469483568075,3.198342541436464,2.553051643192488,NA,NA,NA,NA
2025,Northern Illinois,0.046892373039206556,0.18612730803949915,0.34718498659517427,0.4436183395291202,1.2426733750711718,1.175857744056401,NA,NA,NA,NA,0.3179190751445087,0.6984126984126984,0.7301587301587301,0.18125,0.1517094017094017,2.8760416666666666,3.205982905982906,11,2,0.5286885245901639,19
2025,North Texas,0.35141873351424385,0.16155104026169276,0.516256157635468,0.4197651663405088,1.309303061789616,1.2213322860294071,NA,NA,NA,NA,0.4593023255813954,0.7301587301587301,0.7702702702702703,0.14595660749506903,0.1419031719532554,3.4698224852071005,3.1953255425709517,19,9,0.6813417190775681,18
2025,Northwestern,0.14608479485180909,0.17064217499988213,0.4302600472813239,0.4509043927648579,1.1744744403257863,1.1594001432387702,NA,NA,NA,NA,0.42857142857142855,0.7313432835820896,0.6923076923076923,0.17995444191343962,0.16243654822335024,2.982004555808656,3.1695431472081217,21,-1,0.5925925925925926,16
2025,Notre Dame,0.3326133668503096,0.023057955487705492,0.46284224250325945,0.36341463414634145,1.4966707032772126,1.244048209976295,NA,NA,NA,NA,0.48148148148148145,0.6111111111111112,0.7413793103448276,0.22911694510739858,0.1897018970189702,2.867303102625298,2.799457994579946,10,13,0.6739130434782609,12
2025,Ohio,0.20672625539692327,0.12499875934956184,0.4490950226244344,0.4116915422885572,1.2196935974342082,1.2703682306157051,NA,NA,NA,NA,0.42424242424242425,0.7777777777777778,0.6744186046511628,0.1303538175046555,0.18271604938271604,3.322346368715084,2.997037037037037,19,-2,0.6153846153846154,26
2025,Ohio State,0.32714628341039154,-0.013622983378507264,0.5316027088036117,0.35751295336787564,1.145078801856062,1.0433599807294047,NA,NA,NA,NA,0.5263157894736842,0.7368421052631579,0.5932203389830508,0.18141592920353983,0.21173469387755103,3.122566371681416,2.690051020408163,11,3,0.7671568627450981,16
2025,Oklahoma,0.10676333563471226,-0.015765056433670845,0.40364880273660203,0.3069544364508393,1.2431631647993813,1.334856934275995,NA,NA,NA,NA,0.3858695652173913,0.6666666666666666,0.6595744680851063,0.21621621621621623,0.29473684210526313,2.74987714987715,1.9776315789473684,16,-3,0.6148491879350348,30
2025,Oklahoma State,-0.011579570577841982,0.2610796905220884,0.3418043202033037,0.4422360248447205,1.1689667177663838,1.356967229391825,NA,NA,NA,NA,0.34831460674157305,0.675,0.7037037037037037,0.19794344473007713,0.20785219399538107,2.6002570694087406,2.8782909930715936,17,-5,0.5753424657534246,22
2025,Old Dominion,0.23649502622904495,0.018271414240957767,0.45424107142857145,0.37840785169029445,1.2751828210448173,1.0884191976155404,NA,NA,NA,NA,0.41379310344827586,0.6285714285714286,0.6065573770491803,0.15427509293680297,0.21475054229934923,3.2182156133828994,2.861822125813449,24,2,0.5787878787878787,20
2025,Ole Miss,0.30729580195077905,0.10989144021194328,0.4846014492753623,0.3884462151394422,1.279290255398204,1.2901358056184036,NA,NA,NA,NA,0.4307692307692308,0.79,0.6545454545454545,0.20323741007194246,0.1976284584980237,2.87068345323741,3.0120553359683795,14,1,0.6500956022944551,19
2025,Oregon,0.302712336905911,0.040779484428623926,0.474059003051882,0.3639274279615795,1.3434496445135193,1.226067901187474,NA,NA,NA,NA,0.46524064171123,0.7246376811594203,0.704225352112676,0.17341040462427745,0.1638655462184874,3.0789980732177264,2.7785714285714285,15,6,0.7162471395881007,19
2025,Oregon State,0.06180496222659319,0.18347520755392782,0.42374854481955765,0.3884514435695538,1.0750875841639929,1.4053070946347241,NA,NA,NA,NA,0.3588235294117647,0.75,0.725,0.16071428571428573,0.23291139240506328,2.8308673469387755,2.629367088607595,20,-10,0.6032482598607889,26
2025,Penn State,0.2278989780216406,0.10486961944818493,0.4623921085080148,0.40852130325814534,1.1977254678865308,1.18468648643655,NA,NA,NA,NA,0.4355828220858895,0.7468354430379747,0.6716417910447762,0.16444444444444445,0.18427518427518427,3.1246666666666667,2.9341523341523343,10,3,0.6666666666666666,19
2025,Pittsburgh,0.17346155205017802,0.06995982484389222,0.40268456375838924,0.3563348416289593,1.3437456227209852,1.3296663168877347,NA,NA,NA,NA,0.3333333333333333,0.7222222222222222,0.7142857142857143,0.22020725388601037,0.25721153846153844,2.7520725388601037,2.3295673076923076,23,-2,0.6228448275862069,44
2025,Purdue,0.09736854305396307,0.26971186666421465,0.42038216560509556,0.4776315789473684,1.2211090193064076,1.243491437238665,NA,NA,NA,NA,0.3836477987421384,0.5882352941176471,0.7457627118644068,0.19722222222222222,0.18969555035128804,2.9030555555555555,3.2131147540983607,21,-12,0.5891089108910891,19
2025,Rice,0.037404553987040894,0.2397962757639153,0.3557919621749409,0.4135514018691589,1.2078437754652411,1.4829721623468684,NA,NA,NA,NA,0.3401015228426396,0.6984126984126984,0.5972222222222222,0.21035058430717862,0.19187358916478556,2.6689482470784642,2.983295711060948,11,-4,0.6607142857142857,19
2025,Rutgers,0.2101593656849761,0.3087261764274837,0.4616265750286369,0.47331460674157305,1.219662438875453,1.3446387128952884,NA,NA,NA,NA,0.425,0.7368421052631579,0.6818181818181818,0.1552511415525114,0.1983695652173913,3.034474885844749,3.1752717391304346,11,0,0.6190476190476191,38
2025,Sacramento State,0.27436608492991094,0.10718177000136653,0.4220532319391635,0.4214975845410628,1.4107631543132315,1.2163193282233975,NA,NA,NA,NA,NA,0.8225806451612904,0.7358490566037735,0.15526802218114602,0.18899521531100477,3.3831792975970423,2.898086124401914,NA,NA,NA,NA
2025,Sam Houston,0.0011071597079431732,0.23677531069171706,0.3629242819843342,0.4785801713586291,1.2521680152939463,1.26620788594672,NA,NA,NA,NA,0.2222222222222222,0.6410256410256411,0.6833333333333333,0.256797583081571,0.17257683215130024,2.585498489425982,2.911111111111111,16,2,0.5475578406169666,35
2025,San Diego State,0.11806558536910854,-0.01787315778646291,0.41203703703703703,0.35444444444444445,1.1785367241526745,1.1504700328816888,NA,NA,NA,NA,0.3136094674556213,0.7746478873239436,0.639344262295082,0.15485074626865672,0.16589861751152074,3.258955223880597,2.997004608294931,15,3,0.5724137931034483,18
2025,San Jose State,0.1717992412693814,0.20358613139235948,0.43243243243243246,0.4244256348246675,1.2457629728413482,1.278241060029053,NA,NA,NA,NA,0.42592592592592593,0.7083333333333334,0.8032786885245902,0.19230769230769232,0.13656387665198239,3.1060897435897434,3.045374449339207,27,-13,0.5605749486652978,10
2025,SMU,0.24860677278346288,0.032547696032911244,0.4332171893147503,0.395748987854251,1.3702337795446156,1.2104438194285914,NA,NA,NA,NA,0.40828402366863903,0.7547169811320755,0.5909090909090909,0.19525065963060687,0.21153846153846154,2.954617414248021,2.7908653846153846,19,9,0.6630434782608695,19
2025,South Alabama,0.16018110087559367,0.24042252143125234,0.4183082271147161,0.4330413016270338,1.2010030169124435,1.2669742434316216,NA,NA,NA,NA,0.4261363636363637,0.7631578947368421,0.875,0.15444015444015444,0.17006802721088435,3.073938223938224,3.1530612244897958,12,3,0.6838709677419355,21
2025,South Carolina,0.10486033170423975,0.07866317874395508,0.3819628647214854,0.41800246609124536,1.3240551351201209,1.1746479216692405,NA,NA,NA,NA,0.31875,0.6379310344827587,0.6363636363636364,0.1752021563342318,0.2289156626506024,2.878975741239892,2.633012048192771,18,4,0.6111111111111112,43
2025,Southern Miss,0.16253635234745775,0.11577920101324025,0.3947078280044101,0.4152892561983471,1.3330207056638514,1.2150230924450436,NA,NA,NA,NA,0.3968253968253968,0.6964285714285714,0.7878787878787878,0.1853546910755149,0.1834319526627219,3.011212814645309,3.042011834319527,15,14,0.6365638766519823,22
2025,South Florida,0.2977139297492593,0.08009939788898472,0.466955579631636,0.37945066124109866,1.2980925243257622,1.3269082302017938,NA,NA,NA,NA,0.4640883977900552,0.7638888888888888,0.7916666666666666,0.1554192229038855,0.2170212765957447,3.2660531697341515,2.653404255319149,20,5,0.6641975308641975,21
2025,Stanford,0.06326659640678137,0.17838996843614255,0.36477987421383645,0.42478941034897716,1.2175617331092952,1.3029911242431251,NA,NA,NA,NA,0.3770491803278688,0.82,0.75,0.18591549295774648,0.18559556786703602,2.6154929577464787,2.801939058171745,17,-4,0.5728900255754475,41
2025,Syracuse,0.0523191814174319,0.26630545118557536,0.3902728351126928,0.44923857868020306,1.176959794153113,1.3048982346233613,NA,NA,NA,NA,0.3508771929824561,0.7205882352941176,0.6363636363636364,0.18811881188118812,0.21164021164021163,2.728217821782178,2.8997354497354495,23,-14,0.5637254901960784,34
2025,TCU,0.19702443389722762,0.1410219790563551,0.44505494505494503,0.40288568257491675,1.2644847127697607,1.280142611133806,NA,NA,NA,NA,0.4739884393063584,0.7627118644067796,0.6956521739130435,0.21428571428571427,0.17539863325740318,2.7404761904761905,2.7958997722095673,20,1,0.6652173913043479,22
2025,Temple,0.17994183811575606,0.2580934809988838,0.4277699859747546,0.44952893674293404,1.196683439669801,1.2524140675503102,NA,NA,NA,NA,0.375796178343949,0.5531914893617021,0.75,0.20821917808219179,0.15172413793103448,2.6994520547945204,3.3080459770114943,4,11,0.617816091954023,19
2025,Tennessee,0.316398361528945,0.14607113384230117,0.5037194473963869,0.44623655913978494,1.2494687867779888,1.1472701734172175,NA,NA,NA,NA,0.5031055900621118,0.8441558441558441,0.7910447761194029,0.13953488372093023,0.19956616052060738,3.0509513742071883,2.891540130151844,15,5,0.6681922196796338,22
2025,Texas,0.17862800909592644,0.09827453865912573,0.4045077105575326,0.3923766816143498,1.3656398169382211,1.1784471802687413,NA,NA,NA,NA,0.3920454545454546,0.6415094339622641,0.5882352941176471,0.22193877551020408,0.21628498727735368,2.825,2.6361323155216283,9,14,0.6142857142857143,23
2025,Texas A&M,0.23309832329527108,0.11766561034942259,0.4553472987872106,0.33753148614609574,1.2295473067236227,1.4397300547824206,NA,NA,NA,NA,0.40804597701149425,0.7534246575342466,0.7241379310344828,0.16424116424116425,0.21951219512195122,3.098128898128898,2.603252032520325,19,-9,0.6078431372549019,19
2025,Texas State,0.3106730912577706,0.1578628140771757,0.4581178903826267,0.41077085533262936,1.345988722429389,1.3019507797565275,NA,NA,NA,NA,0.45977011494252873,0.6753246753246753,0.72,0.16845878136200718,0.24048096192384769,3.103405017921147,2.706813627254509,17,-5,0.7008310249307479,26
2025,Texas Tech,0.24595442682440602,-0.06516664678418396,0.43707973102785785,0.3147153598281418,1.318683456555812,1.1668683078953273,NA,NA,NA,NA,0.49321266968325794,0.7777777777777778,0.6481481481481481,0.21062618595825428,0.2285012285012285,2.8180265654648955,2.1113022113022115,18,14,0.654320987654321,27
2025,Toledo,0.20372315119480264,-0.07767455541809376,0.44571428571428573,0.3313180169286578,1.2101891319223619,1.1466146939852253,NA,NA,NA,NA,0.40229885057471265,0.7391304347826086,0.6851851851851852,0.1925601750547046,0.2097902097902098,3.05054704595186,2.3764568764568765,15,6,0.6416040100250626,17
2025,Troy,0.08090793211208469,0.11243265456757903,0.37872340425531914,0.39638682252922425,1.2963916729299307,1.287190962972268,NA,NA,NA,NA,0.3878504672897196,0.7678571428571429,0.65625,0.23820224719101124,0.1926070038910506,2.796629213483146,3.007976653696498,18,0,0.5796766743648961,59
2025,Tulane,0.20496160289685944,0.1500720244819019,0.4472573839662447,0.4455852156057495,1.2046506504034908,1.183245404842699,NA,NA,NA,NA,0.4207650273224044,0.7258064516129032,0.7230769230769231,0.17835671342685372,0.1759465478841871,3.1022044088176353,2.9623608017817373,17,8,0.6164705882352941,12
2025,Tulsa,0.11230453929669147,0.15143604504599784,0.4046610169491525,0.42524916943521596,1.2582906266787413,1.2066196511462495,NA,NA,NA,NA,0.37894736842105264,0.6206896551724138,0.6829268292682927,0.23251028806584362,0.1852589641434263,2.862345679012346,2.9328685258964144,19,-8,0.589242053789731,24
2025,UAB,0.17782476363440705,0.32318644160850035,0.4322033898305085,0.4884979702300406,1.2969159419230583,1.2711638615286236,NA,NA,NA,NA,0.4642857142857143,0.6949152542372882,0.8260869565217391,0.18005540166204986,0.14,3.1060941828254847,3.35,21,-12,0.6552511415525114,29
2025,UCF,0.1493862028226858,0.11338707697629882,0.3992443324937028,0.42341220423412207,1.368496709003802,1.1303716122804865,NA,NA,NA,NA,0.3392857142857143,0.6415094339622641,0.864406779661017,0.2371967654986523,0.17045454545454544,2.6628032345013475,2.9386363636363635,18,-4,0.6203473945409429,20
2025,UCLA,0.11732535828659123,0.2609263578302964,0.412483039348711,0.4980793854033291,1.1675659193316492,1.1485230641968105,NA,NA,NA,NA,0.37341772151898733,0.6296296296296297,0.7945205479452054,0.1924198250728863,0.135632183908046,3.0387755102040814,3.324367816091954,13,-3,0.6343490304709142,27
2025,UConn,0.31223396952056165,0.20804438403324135,0.45876887340301975,0.4624338624338624,1.3418907622077614,1.1835617306770285,NA,NA,NA,NA,0.40588235294117647,0.7857142857142857,0.6623376623376623,0.16966580976863754,0.12180746561886051,2.975064267352185,3.349901768172888,2,15,0.6807095343680709,16
2025,Louisiana Monroe,0.0798483710369998,0.18700671671737684,0.3699186991869919,0.40682095006090135,1.3684888149032042,1.3507880920044062,NA,NA,NA,NA,0.32666666666666666,0.7727272727272727,0.723404255319149,0.24509803921568626,0.16933638443935928,2.7419117647058826,2.863157894736842,19,-10,0.5662251655629139,20
2025,UNLV,0.2978672891337787,0.21010100064270779,0.46601941747572817,0.440552016985138,1.359364405593744,1.3248441074499364,NA,NA,NA,NA,0.4523809523809524,0.7,0.6,0.18683651804670912,0.1688888888888889,3.202972399150743,3.148888888888889,17,7,0.65801886792452835,25
2025,USC,0.3441590623995078,0.14879131370609774,0.49049881235154397,0.4484029484029484,1.3420075991857778,1.1617150729526586,NA,NA,NA,NA,0.5131578947368421,0.7547169811320755,0.6976744186046512,0.1654501216545012,0.16971279373368145,3.154744525547445,3.2879895561357704,16,2,0.6666666666666666,15
2025,Utah,0.34661561406387875,0.06753504530199514,0.4952681388012618,0.3814317673378076,1.2489990066575745,1.3441660557738826,NA,NA,NA,NA,0.5287356321839081,0.8170731707317073,0.7230769230769231,0.13357400722021662,0.19693654266958424,3.5402527075812276,2.963676148796499,12,6,0.6273458445040214,15
2025,Utah State,0.2046902115577904,0.1977361270713912,0.410958904109589,0.4271255060728745,1.3481837456970784,1.2648313091110948,NA,NA,NA,NA,0.34502923976608185,0.6976744186046512,0.7049180327868853,0.2014388489208633,0.15800865800865802,2.8839328537170266,3.203030303030303,11,6,0.6004962779156328,42
2025,UTEP,0.0127842137907675,0.10077633192941217,0.3282636248415716,0.3893905191873589,1.4523360910170722,1.2126006665658196,NA,NA,NA,NA,0.3028571428571429,0.6,0.6190476190476191,0.22740524781341107,0.23255813953488372,2.1551020408163266,2.577589852008457,24,-12,0.5463414634146342,26
2025,UTSA,0.20402370612222354,0.13585830031826518,0.4391353811149033,0.38044758539458184,1.319247238668742,1.391218062534005,NA,NA,NA,NA,0.39655172413793105,0.7058823529411765,0.6170212765957447,0.21342925659472423,0.19767441860465115,2.786810551558753,2.7458139534883723,12,6,0.6666666666666666,21
2025,Vanderbilt,0.41276301774507734,0.1909919190811946,0.5030826140567201,0.4186320754716981,1.415498352421852,1.3064940926425983,NA,NA,NA,NA,0.5112781954887218,0.7727272727272727,0.725,0.17708333333333334,0.2206703910614525,3.244270833333333,2.6268156424581006,12,3,0.6975,23
2025,Virginia,0.17346493372712524,0.06366002033610989,0.41372735938989513,0.3694915254237288,1.2765934340799885,1.2022195552879607,NA,NA,NA,NA,0.4978540772532189,0.7974683544303798,0.6792452830188679,0.1651031894934334,0.18036529680365296,3.0170731707317073,2.834246575342466,14,6,0.6402439024390244,18
2025,Virginia Tech,0.17179932772101925,0.26824703851759973,0.41796875,0.44675324675324674,1.2443464231225405,1.2622214963111194,NA,NA,NA,NA,0.3939393939393939,0.6896551724137931,0.7924528301886793,0.15035799522673032,0.1642156862745098,3.3410501193317423,3.009558823529412,15,-9,0.5642633228840125,29
2025,Wake Forest,0.1590098397289416,0.04078555897534403,0.3802325581395349,0.3545258620689655,1.477694702727151,1.2140084095173425,NA,NA,NA,NA,0.4,0.7413793103448276,0.6451612903225806,0.18993135011441648,0.25287356321839083,2.762929061784897,2.5273563218390804,21,-6,0.5714285714285714,17
2025,Washington,0.2900075913193489,0.05743225883708803,0.4891041162227603,0.38011695906432746,1.2573780714523055,1.2123948985204114,NA,NA,NA,NA,0.5032258064516129,0.7464788732394366,0.6792452830188679,0.17523364485981308,0.16666666666666666,3.2240654205607475,2.793548387096774,14,5,0.6891891891891891,33
2025,Washington State,0.12597624017935016,0.09197785428279828,0.41627906976744183,0.41919191919191917,1.1144114869383805,1.0801112641026867,NA,NA,NA,NA,0.3806818181818182,0.703125,0.6949152542372882,0.20763723150357996,0.18090452261306533,2.7670644391408117,2.991959798994975,21,-10,0.6412776412776413,22
2025,Western Kentucky,0.16571122953898376,0.0961728888260361,0.4344978165938865,0.3644957983193277,1.2042882440718339,1.3362216006331387,NA,NA,NA,NA,0.45901639344262296,0.8372093023255814,0.5517241379310345,0.19240506329113924,0.20535714285714285,3.009113924050633,2.8787946428571427,21,-7,0.6565656565656566,23
2025,Western Michigan,0.1004441600388964,0.052670362279603374,0.42275574112734865,0.3752808988764045,1.0534751868334846,1.2280896663079395,NA,NA,NA,NA,0.4031413612565445,0.7303370786516854,0.723404255319149,0.16559485530546625,0.1720183486238532,3.090032154340836,2.789908256880734,15,9,0.6065573770491803,22
2025,West Virginia,0.07109862144954428,0.1585261256126159,0.3729411764705882,0.39931350114416475,1.2166866398719773,1.392286259487451,NA,NA,NA,NA,0.29608938547486036,0.6623376623376623,0.6612903225806451,0.19795918367346937,0.23516483516483516,2.7773469387755103,2.4114285714285715,18,2,0.5871559633027523,29
2025,Wisconsin,0.022417673990462666,0.17256179943489638,0.3660968660968661,0.4477211796246649,1.196672845018536,1.133456890541878,NA,NA,NA,NA,0.3225806451612903,0.7,0.7391304347826086,0.1848101265822785,0.2159090909090909,2.872658227848101,2.7389204545454544,16,-10,0.5772058823529411,28
2025,Wyoming,0.04868411996031556,0.06891172319885128,0.3785450061652281,0.37758830694275275,1.1682773038477816,1.211696640421808,NA,NA,NA,NA,0.3373493975903614,0.5581395348837209,0.7446808510638298,0.22279792746113988,0.17155756207674944,2.7766839378238344,2.9760722347629796,18,-3,0.5598958333333334,19
